questions\\question1.file,answeres\\answere1.file
questions\\question2.file,answeres\\answere2.file
questions\\question3.file,answeres\\answere3.file
questions\\question4.file,answeres\\answere4.file
questions\\question5.file,answeres\\answere5.file
questions\\question6.file,answeres\\answere6.file
questions\\question7.file,answeres\\answere7.file
questions\\question8.file,answeres\\answere8.file
questions\\question9.file,answeres\\answere9.file
questions\\question10.file,answeres\\answere10.file
